To Build a Fire	火を起こす
Jack London	ジャック・ロンドン
Day had broken	夜が明けた。
cold and grey,	風は冷たく空は暗い。
exceedingly cold and grey,	きわめて冷たくきわめて暗い。
when the man turned aside from the main Yukon trail and climbed the high earth-zbank,	男はユーコンの本道を外れ、高い土手を登っていた。
where a dim and little-travelled trail led eastward through the fat spruce timberland.	その道はいかにも頼りないものだったが、東へ、トウヒの森の向こうに通じているはずだった。
It was a steep bank, and he paused for breath at the top,	急峻な土手を登りつめ、息を整える。
excusing the act to himself by looking at his watch.	それをごまかそうと懐中時計をとりだす。
It was nine o'clock.	9時。
There was no sun nor hint of sun,	太陽はその気配すらない。
though there was not a cloud in the sky.	が、空が曇っているわけでもない。
It was a clear day,	空は澄みきっていた。
and yet there seemed an intangible pall over the face of things,	それでもあたりのものは不透明な幕がはっているようだった。
a subtle gloom that made the day dark,	日を暗く染めるかすかな闇。
and that was due to the absence of sun.	太陽がないからだ。
This fact did not worry the man.	だからといって男は困惑したりしなかった。
He was used to the lack of sun.	太陽がないのには慣れている。
It had been days since he had seen the sun, and he knew that a few more days must pass before that cheerful orb, due south, would just peep above the sky-line and dip immediately from view.	太陽が昇ったのは数日前、だから、お天道様が南の地平線から顔を出し、即座に引っ込むのが見られるのはあと何日か経ってのことだと知っていた。
The man flung a look back along the way he had come.	男は今きた道を振り返った。
The Yukon lay a mile wide and hidden under three feet of ice.	ユーコン川は1マイルにわたって厚さ1メートルの氷の下に閉ざされている。
On top of this ice were as many feet of snow.	この氷の上にもやはり1メートルほどの雪。
It was all pure white, rolling in gentle undulations where the ice-jams of the freeze-up had formed.	氷雪が風に吹かれて波のようにうねる白銀の世界。
North and south, as far as his eye could see, it was unbroken white,	北も南も目の届くかぎり見事なほどの白さだった。
save for a dark hair-line that curved and twisted from around the spruce-covered island to the south,	ただ、トウヒが密生する島から南にかけて黒い線がほっそりと曲がりくねっているのを除けば。
and that curved and twisted away into the north, where it disappeared behind another spruce-covered island.	その線はさらに曲がりくねって北に向かい、トウヒが密生する、先とは別の島のところで消えている。
This dark hair-line was the trail--the main trail--that led south five hundred miles to the Chilcoot Pass, Dyea, and salt water;	この細い黒線が道――本道――であり、これを500マイル南に下ればチルクート・パスに続きダイーを抜けて海に出る。
and that led north seventy miles to Dawson, and still on to the north a thousand miles to Nulato, and finally to St. Michael on Bering Sea, a thousand miles and half a thousand more.	北に何マイルかいけばドーソンがあり、そこからさらに1,000マイル進めばヌラトがあり、さらに1,500マイルの道のりを経てベーリング海に面するセント・ミカエルに達する。
But all this	けれどもどれもみな
--the mysterious, far-reaching hairline trail, the absence of sun from the sky, the tremendous cold, and the strangeness and weirdness of it all	――頼りない長大な道も、太陽のない空も、猛烈な寒気も、この地の不可思議さはどれもみな
--made no impression on the man.	――男の心に訴えるものではなかった。
It was not because he was long used to it.	そうしたことに長く慣れ親しんでいたからではない。
He was a new-comer in the land, a chechaquo, and this was his first winter.	男は新参者であり、この地の冬を体験するのもこれがはじめてだった。
The trouble with him was that he was without imagination.	想像力の欠如、それが問題だったのだ。
He was quick and alert in the things of life, but only in the things, and not in the significances.	日々の物事には聡かったが、物事についてのみであり、その真意には疎かった。
Fifty degrees below zero	華氏-50度（摂氏だと約-45度）。
meant eighty odd degrees of frost.	氷点下80度あまり。
Such fact impressed him as being cold and uncomfortable, and that was all.	それを凍てつく不快なものだととらえることはできたが、それで終わりだった。
It did not lead him to meditate upon his frailty as a creature of temperature, and upon man's frailty in general, able only to live within certain narrow limits of heat and cold;	そこから自分が温度変化に弱い生物だということを省みたりはしなかったし、一定の温度範囲内でしか生きられないという人間に共通する弱点にも思いが至らなかった。
and from there on it did not lead him to the conjectural field of immortality and man's place in the universe.	そしてもちろん、そこから、不死性という憶測上の分野や宇宙における人間の立場といったことへと思いをはせることもなかった。
Fifty degrees below zero stood for a bite of frost that hurt and that must be guarded against by the use of mittens, ear-flaps, warm moccasins, and thick socks.	-50度、つまりミトンや帽子や厚い靴下で防ぎうる寒さ。
Fifty degrees below zero was to him just precisely fifty degrees below zero.	男にとって、-50度はまさしく-50度でしかなかったのだ。
That there should be anything more to it than that was a thought that never entered his head.	それ以上の意味があるとはまったく思いもしなかった。
As he turned to go on, he spat speculatively.	男は向き直って何気なく唾を吐いた。
There was a sharp, explosive crackle that startled him.	何かが爆ぜたような鋭い音が男を驚かせた。
He spat again.	もう一度唾を吐く。
And again, in the air, before it could fall to the snow, the spittle crackled.	するとふたたび、唾は雪の上に落ちることなく、空中で弾け飛んだ。
He knew that at fifty below spittle crackled on the snow, but this spittle had crackled in the air.	-50度で唾を吐くと雪に触れたとたん弾け飛ぶのは知っていたが、今は空中で弾け飛んだ。
Undoubtedly it was colder than fifty below	間違いなく今は-50度どころではないのだ
--how much colder he did not know.	――いったい何度になっているのか、見当もつかなかった。
But the temperature did not matter.	しかし気温などどうでもいい。
He was bound for the old claim	男は前からの約束を果たさなければならなかった。
on the left fork of Henderson Creek, where the boys were already.	ヘンダーソン・クリークを左にいったキャンプでは子どもたちがもう待っているはずなのだ。
They had come over across the divide from the Indian Creek country, while he had come the roundabout way to take a look at the possibilities of getting out logs in the spring from the islands in the Yukon.	かれらが分水嶺を渡ってインディアン・クリークからそこに向かっている間、男はユーコンの島々から湖に沈んでいる丸太を回収できないものか確かめるため、回り道をしていた。
He would be in to camp by six o'clock;	6時までにはキャンプについておきたかった。
a bit after dark, it was true, but the boys would be there, a fire would be going, and a hot supper would be ready.	着く少し前に真っ暗になってしまうが、子どもたちは火と夕食を用意しておいてくれるだろう。
As for lunch,	昼は大丈夫だ。
he pressed his hand against the protruding bundle under his jacket.	男はジャケットの膨らみをなでた。
It was also under his shirt, wrapped up in a handkerchief and lying against the naked skin.	ハンカチで包んだランチがシャツの中に素肌と直接触れる形で入れてある。
It was the only way to keep the biscuits from freezing.	こうしないとサンドイッチは凍りついてしまう。
He smiled agreeably to himself	男はひとりサンドイッチのことを思ってにやついた。
as he thought of those biscuits, each cut open and sopped in bacon grease, and each enclosing a generous slice of fried bacon.	どれも、切れ目をいれてベーコンオイルを塗りこみ、豪勢にフライドベーコンをはさんである。
He plunged in among the big spruce trees.	トウヒの大木が立ち並ぶ林に分け入った。
The trail was faint.	道はかすか。
A foot of snow had fallen since the last sled had passed over,	最後のそりが通った後に30センチもの雪が積もっていた。
and he was glad he was without a sled, travelling light.	そりを置いて身軽な格好できたのは正解だったと思った。
In fact, he carried nothing but the lunch wrapped in the handkerchief.	事実、男はハンカチに包んだランチ以外に何も持っていなかった。
He was surprised, however, at the cold.	けれども寒さには閉口していた。
It certainly was cold, he concluded, as he rubbed his numbed nose and cheek-bones with his mittened hand.	寒すぎる、と断じつつ、ミトンにくるまれた手でかじかんだ鼻と頬をこすった。
He was a warm-whiskered man, but the hair on his face did not protect the high cheek-bones and the eager nose that thrust itself aggressively into the frosty air.	髭は濃いほうだったが、凍てつくような空気にさらされている高い頬と突き出た鼻は髭でどうなるものではなかった。
At the man's heels trotted a dog,	男は足元に犬を1匹従えていた。
a big native husky, the proper wolf-dog, grey-coated and without any visible or temperamental difference from its brother, the wild wolf.	この地で生まれた大型ハスキーで、灰色の毛に覆われている。
The animal was depressed by the tremendous cold.	この動物も猛烈な寒さに元気をなくしていた。
It knew that it was no time for travelling.	今は旅ができる時期ではないのを知っていた。
Its instinct told it a truer tale than was told to the man by the man's judgment.	その本能は、男の理性よりも正しいことを告げていた。
In reality, it was not merely colder than fifty below zero;	現実として、気温は-50度より低い、どころではなかったのだ。
it was colder than sixty below, than seventy below.	-60度よりも、-70度よりも低かった。
It was seventy-five below zero.	-75度（摂氏だと約-60度）。
Since the freezing-point is thirty-two above zero, it meant that one hundred and seven degrees of frost obtained.	氷点は+32度だから、氷点下107度ということになる。
The dog did not know anything about thermometers.	犬は温度計のことなどまったく知らなかった。
Possibly in its brain there was no sharp consciousness of a condition of very cold such as was in the man's brain.	おそらく、頭の中での理解にかけては男のほうがより鋭く知覚していたことだろう。
But the brute had its instinct.	しかし、獣には本能があった。
It experienced a vague but menacing apprehension that subdued it and made it slink along at the man's heels, and that made it question eagerly every unwonted movement of the man as if expecting him to go into camp or to seek shelter somewhere and build a fire.	本能から、その漠然としてはいるが圧倒的な不安を感じとり、力なく男の後に従いつつ、男が予期せぬ行動をとるたびに、キャンプに入ろうとしているか、あるいは火を起こせる避難所を探そうとしているのではないかと期待して、熱心にその様子を見守った。
The dog had learned fire, and it wanted fire,	犬はすでに火のことを学習しており、いままさに火を欲していた。
or else to burrow under the snow and cuddle its warmth away from the air.	そうでなければ、雪に穴を掘って潜りこみ、体温を奪う空気から身を守ろうとしたことだろう。
The frozen moisture of its breathing had settled on its fur in a fine powder of frost,	吐き出す息に含まれる水分が霧氷となって毛にからみつく。
and especially were its jowls, muzzle, and eyelashes whitened by its crystalled breath.	特に、あごや鼻や睫毛は真っ白に染まっていた。
The man's red beard and moustache were likewise frosted, but more solidly, the deposit taking the form of ice and increasing with every warm, moist breath he exhaled.	男の赤い髭も同様だったが、こちらの場合は、暖かくて湿った息を吐き出すたび、雪達磨式に量を増やしていった。
Also, the man was chewing tobacco, and the muzzle of ice held his lips so rigidly that he was unable to clear his chin when he expelled the juice.	また、煙草を噛んでいるために鼻から息をせねばならず、そのせいで口元がコチコチに凍りついてしまい、唾を吐くときに口を大きくあけることができなくなっていた。
The result was that a crystal beard of the colour and solidity of amber was increasing its length on his chin.	結果、氷結した顎鬚と琥珀の氷柱はあごの先からどんどん伸びていった。
If he fell down it would shatter itself, like glass, into brittle fragments.	もしそれをかき払おうものなら、まるでガラスのように、粉々に砕け散ってしまう。
But he did not mind the appendage.	だが、男はあごの荷物を気にしていなかった。
It was the penalty all tobacco-chewers paid in that country,	それはこの地で煙草を噛む者が払わなければならない代償だ。
and he had been out before in two cold snaps.	以前も二度、寒い時期に出かけたことがあった。
They had not been so cold as this, he knew, but by the spirit thermometer at Sixty Mile he knew they had been registered at fifty below and at fifty-five.	そのときがこれほどまでに寒くはなかったのは分かっているけれど、シックスティ・マイルのアルコール寒暖計が指し示した温度はそれぞれ-50度と-55度だったのも知っているのだ。
He held on through the level stretch of woods for several miles, crossed a wide flat of nigger-heads,	男は数マイルにわたって広がる森に入り、縺れ絡まる木々の枝根をとびこえかいくぐりながら進んだ。
and dropped down a bank to the frozen bed of a small stream.	やがて森は終わり、凍りついた小川に沿う土手にぶつかる。
This was Henderson Creek,	ここがヘンダーソン・クリークだ。
and he knew he was ten miles from the forks.	分かれ道まであと10マイル。
He looked at his watch.	時計を見た。
It was ten o'clock.	10時。
He was making four miles an hour,	1時間で4マイル進んでいる。
and he calculated that he would arrive at the forks at half-past twelve.	計算では12時半には分かれ道につく。
He decided to celebrate that event by eating his lunch there.	着いたらそこでランチにするとしよう。
The dog dropped in again at his heels, with a tail drooping discouragement, as the man swung along the creek-bed.	男が河川敷を歩き出すと、犬は尾を力なく引きずりながらふたたびその足元を追った。
The furrow of the old sled-trail was plainly visible, but a dozen inches of snow covered the marks of the last runners.	かつてのそり道ははっきりと目に見えていたが、最後のそりが通ってから数十センチの雪が積もっていた。
In a month no man had come up or down that silent creek.	1ヶ月もの間誰一人としてこの静かな入り江にきたものがなかったのだ。
The man held steadily on.	男はどんどん先に進んでいった。
He was not much given to thinking,	なにかを考えたりすることもなかった。
and just then particularly he had nothing to think about save that he would eat lunch at the forks and that at six o'clock he would be in camp with the boys.	そもそも、分かれ道でのランチや6時には子どもたちの待つキャンプに入りたいという予定以外にはとりたてて考えるべきことがなかった。
There was nobody to talk to and, had there been, speech would have been impossible because of the ice-muzzle on his mouth.	話相手もいなかったし、仮にいたとしても、口をあけることができない以上話などできるはずがなかった。
So he continued monotonously to chew tobacco and to increase the length of his amber beard.	だから、黙々と煙草を噛んでは琥珀色の顎鬚を伸ばしつづけた。
Once in a while the thought reiterated itself that it was very cold and that he had never experienced such cold.	思い出したように、ひどい寒さだ、こんなに寒いのははじめてだと考えることもあった。
As he walked along he rubbed his cheek-bones and nose with the back of his mittened hand.	歩きながらミトンにくるまれた手の甲で頬骨と鼻をこする。
He did this automatically, now and again changing hands.	男はそれを、ときどき手を変えながら、機械的に繰り返した。
But rub as he would, the instant he stopped his cheek-bones went numb, and the following instant the end of his nose went numb.	けれどもいくらこすっても、手を止めたとたんに頬骨が感覚を失い、次の瞬間には鼻が感覚を失った。
He was sure to frost his cheeks;	頬の凍傷は間違いなかった。
he knew that, and experienced a pang of regret that he had not devised a nose-strap of the sort Bud wore in cold snaps.	それを知って、バドが寒い時期に使っていたような鼻あてを作っておかなかったのをふと後悔した。
Such a strap passed across the cheeks, as well, and saved them.	それから両頬にまたがって寒さを防ぐあてものを。
But it didn't matter much, after all.	だが、結局のところそれはたいしたことではない。
What were frosted cheeks?	頬の凍傷がなんだというんだ？
A bit painful, that was all;	軽い痛み、それだけじゃないか。
they were never serious.	深刻なものじゃない。
Empty as the man's mind was of thoughts, he was keenly observant, and he noticed the changes in the creek, the curves and bends and timber- jams,	頭の中が空っぽになるにつれ研ぎ澄まされる観察力で、入り江のくぼみやたわみ、潅木の変化に留意する。
and always he sharply noted where he placed his feet.	そして、たゆむことなく鋭敏に足を置くべき場所を見ぬく。
Once, coming around a bend, he shied abruptly, like a startled horse, curved away from the place where he had been walking, and retreated several paces back along the trail.	一度だけ、たわんでいるあたりに近づいてしまったが、とっさに、まるで驚いた馬のように後ずさりし、前歩いていた場所を迂回して、道に沿いながら何歩か後退した。
The creek he knew was frozen clear to the bottom	クリークは底まで凍りついているのを男は知っていた
--no creek could contain water in that arctic winter	――この地の冬に水をたたえる入り江など存在しない
--but he knew also that there were springs that bubbled out from the hillsides and ran along under the snow and on top the ice of the creek.	――が、同じく、丘の中腹から湧きたち、雪の下をくぐってクリークの氷の上を流れる泉があることも知っていた。
He knew that the coldest snaps never froze these springs,	そして、こうした泉がいちばん寒い時期にでも完全には凍りつかないのを知っていた。
and he knew likewise their danger.	そしてその危険さも。
They were traps.	それは罠なのだ。
They hid pools of water under the snow that might be three inches deep, or three feet.	雪の下には10センチ、ときには1メートルもの水が隠されている。
Sometimes a skin of ice half an inch thick covered them, and in turn was covered by the snow.	ときには厚さ0.5インチ程度の氷しか張っておらず、その上に雪が積もっている場合もある。
Sometimes there were alternate layers of water and ice-skin, so that when one broke through he kept on breaking through for a while, sometimes wetting himself to the waist.	ときには複層的に氷が張っていることもあり、1枚めを踏み割ったとたん次々に割っていくことになり、ときには腰の辺りまでずぶぬれにしてしまうこともあった。
That was why he had shied in such panic.	だから男はそれほどまでに慌てふためいて後ずさりしたのだ。
He had felt the give under his feet and heard the crackle of a snow-hidden ice-skin.	男は足元のたわみを感じ取り、雪に隠された薄氷が割れる音を聞き取っていた。
And to get his feet wet in such a temperature meant trouble and danger.	このように寒い中で足を濡らしてしまうのは厄介な、危険な事態だ。
At the very least it meant delay,	最低でも予定が遅れる。
for he would be forced to stop and build a fire, and under its protection to bare his feet while he dried his socks and moccasins.	というのも、火を起こし、靴下と靴を乾かす間、無防備になる足を守らなければならないからだ。
He stood and studied the creek-bed and its banks, and decided that the flow of water came from the right.	男は立ったまま入り江の河川敷と土手を調べ、水は右手から流れてきていると判断した。
He reflected awhile, rubbing his nose and cheeks, then skirted to the left, stepping gingerly and testing the footing for each step.	鼻と頬をこすりながらしばし考え、左に迂回し、慎重に慎重に、1歩ずつ足場を確かめながら歩を進めた。
Once clear of the danger,	危険地帯は抜けた。
he took a fresh chew of tobacco and swung along at his four-mile gait.	新しい噛み煙草をとりだし、これまでの4マイルに及ぶ道のりをふりかえる。
In the course of the next two hours he came upon several similar traps.	次の2時間も何度か同じような罠に出くわした。
Usually the snow above the hidden pools had a sunken, candied appearance that advertised the danger.	大抵、隠された水たまりの上に積もった雪は落ちくぼんでおり、見た目がキャンディー状になっていたから、危険はすぐに察知できた。
Once again, however, he had a close call;	だが一度だけ、今度も間一髪のところで免れたときがあった。
and once, suspecting danger, he compelled the dog to go on in front.	そして一度など、危険そうな気がしたために、犬を先に行かせようとした。
The dog did not want to go.	犬は行きたがらなかった。
It hung back until the man shoved it forward, and then it went quickly across the white, unbroken surface.	無理やり前に押し出すと、猛スピードでひびひとつない白色の表面を突っ切ろうとした。
Suddenly it broke through, floundered to one side, and got away to firmer footing.	突如、足元が崩壊したため、犬は固い地面まで死に物狂いで逃げた。
It had wet its forefeet and legs,	犬は足を4本とも濡らしてしまっていた。
and almost immediately the water that clung to it turned to ice.	そしてその水はあっという間に凍りついた。
It made quick efforts to lick the ice off its legs, then dropped down in the snow and began to bite out the ice that had formed between the toes.	犬はすぐに足をなめて氷をはがし、爪の間にできた氷は噛み落とした。
This was a matter of instinct.	これは本能によるものだった。
To permit the ice to remain would mean sore feet.	その氷を張りつけたままにしておいたとしたら足を傷めてしまっていたことだろう。
It did not know this.	だが、犬はそんなことは知らなかった。
It merely obeyed the mysterious prompting that arose from the deep crypts of its being.	ただその存在の根底から湧き上がってきた不可思議な処理命令に従っただけのことなのだ。
But the man knew,	だが男はそれを知っていた。
having achieved a judgment on the subject, and he removed the mitten from his right hand and helped tear out the ice- particles.	問題の件に判断をつけながら、右手のミトンを外し、細かい氷をかき落とすのを手伝う。
He did not expose his fingers more than a minute, and was astonished at the swift numbness that smote them.	そうして指を外気にさらしていたのは1分ほどでしかなかったのに、そこから感覚がなくなっていくその早さには驚かざるをえなかった。
He pulled on the mitten hastily, and beat the hand savagely across his chest.	あわててミトンをつけ、その手を激しく胸にたたきつけた。
At twelve o'clock the day was at its brightest.	12時、空がもっとも明るくなった。
Yet the sun was too far south on its winter journey to clear the horizon.	といっても、太陽は冬特有の南すぎる軌道をとるせいで、地平線の上には出てこなかった。
The bulge of the earth intervened between it and Henderson Creek,	ヘンダーソン・クリークと地平線との間にある地面はふっくらと膨らんでいる。
where the man walked under a clear sky at noon and cast no shadow.	そこを、いま男は、明るい空の下、影を投げることなく歩いていた。
At half-past twelve, to the minute, he arrived at the forks of the creek.	12時半、クリークの分岐路に到着。
He was pleased at the speed he had made.	男はその歩みの順調さに喜んだ。
If he kept it up, he would certainly be with the boys by six.	この調子でいけば、6時には子どもたちに会える。
He unbuttoned his jacket and shirt and drew forth his lunch.	ジャケットの前を開き、シャツの中からランチを取り出した。
The action consumed no more than a quarter of a minute, yet in that brief moment the numbness laid hold of the exposed fingers.	その行為が要したのは若干15秒ほどにすぎなかったが、むきだしの手からはあっという間に感覚がなくなっていった。
He did not put the mitten on, but, instead, struck the fingers a dozen sharp smashes against his leg.	男はそれでもミトンをつけずに、その代わり、指を脚に鋭く打ちつけた。
Then he sat down on a snow-covered log to eat.	そして雪に覆われた丸太に腰を下ろす。
The sting that followed upon the striking of his fingers against his leg ceased so quickly that he was startled,	手を打ちつけたときに感じたちくちくとする痛みが失せるその早さに男は驚いた。
he had had no chance to take a bite of biscuit.	これでは一口もサンドイッチを口にできない。
He struck the fingers repeatedly and returned them to the mitten, baring the other hand for the purpose of eating.	手指を繰り返し打ちつけ、ミトンに入れ、逆の手からミトンをとってサンドイッチをにぎりなおした。
He tried to take a mouthful, but the ice-muzzle prevented.	そして口を大きくあけようとしたが、口元が凍りついていてうまくいかなかった。
He had forgotten to build a fire and thaw out.	火を起こして口をとかすのを忘れていたのだ。
He chuckled at his foolishness,	男は自分の間抜けさに思わず笑い出した。
and as he chuckled he noted the numbness creeping into the exposed fingers.	笑っているうちに、指に広がる無感覚さに気がついた。
Also, he noted that the stinging which had first come to his toes when he sat down was already passing away.	それと同じく、腰をおろしたときに感じられたつま先の刺すような痛みが、いまはなくなっているのに気がついた。
He wondered whether the toes were warm or numbed.	足は大丈夫だろうか。
He moved them inside the moccasins and decided that they were numbed.	靴の中でつま先を動かしてみたところ、感覚を失ってしまっているようだった。
He pulled the mitten on hurriedly and stood up.	ミトンをつけなおした男はあわてて立ちあがった。
He was a bit frightened.	少し怖くなってきた。
He stamped up and down until the stinging returned into the feet.	何度か足踏みして、足に刺すような痛みを取りもどそうとする。
It certainly was cold, was his thought.	本当に寒い、そう思った。
That man from Sulphur Creek had spoken the truth	サルファ・クリークからきたあの男は本当のことを言っていたんだな。
when telling how cold it sometimes got in the country.	この地がときに、どれほどの寒さに包まれるか。
And he had laughed at him at the time!	あのときおれは笑い飛ばしたものだった！
That showed one must not be too sure of things.	過信は禁物、というやつだ。
There was no mistake about it, it was cold.	たしかに間違いない、寒い。
He strode up and down, stamping his feet and threshing his arms,	男は足踏みを繰り返し、また腕を打ちすえつづけた。
until reassured by the returning warmth.	やがて、体が暖まり、元気が出てきた。
Then he got out matches and proceeded to make a fire.	それから焚火にとりかかることにした。
From the undergrowth, where high water of the previous spring had lodged a supply of seasoned twigs,	以前の湧き水がなぎ倒した藪に、年経た小枝が散らばっていた。
he got his firewood.	これを薪にすることにした。
Working carefully from a small beginning, he soon had a roaring fire,	注意深く作業をはじめると、すぐにパチパチと爆ぜる焚火が生まれた。
over which he thawed the ice from his face and in the protection of which he ate his biscuits.	その熱気で顔の氷を溶かし、その保護の下、サンドイッチを食べはじめた。
For the moment the cold of space was outwitted.	しばらく、周囲の寒気は薄らいだ。
The dog took satisfaction in the fire, stretching out close enough for warmth and far enough away to escape being singed.	犬は火を喜び、暖をとるのに適度な、毛を焦がさない程度の距離で体を伸ばした。
When the man had finished, he filled his pipe and took his comfortable time over a smoke.	食事を済ませると、男はパイプに葉をつめ、食後の一服を満喫した。
Then he pulled on his mittens, settled the ear-flaps of his cap firmly about his ears, and took the creek trail up the left fork.	それから両手にミトンをつけ、帽子の耳当てを耳の周りにしっかり固定し、クリークの分岐点を左に歩きだした。
The dog was disappointed and yearned back toward the fire.	犬は焚火から離れようとしなかった。
This man did not know cold.	この男は知らないのだ。
Possibly all the generations of his ancestry had been ignorant	ひょっとしたら、その祖先も誰一人として知らなかったのかもしれない。
of cold, of real cold, of cold one hundred and seven degrees below freezing-point.	寒さを、本当の寒さを、氷点下107度の寒さを。
But the dog knew;	けれども犬は知っていた。
all its ancestry knew,	その祖先もみな知っていた。
and it had inherited the knowledge.	その知識は脈々と受け継がれてきたのだ。
And it knew that it was not good to walk abroad in such fearful cold.	そして、このような寒さの中を歩き回るのは下策だと知っていた。
It was the time to lie snug in a hole in the snow and wait for a curtain of cloud to be drawn across the face of outer space whence this cold came.	こういうときは、雪穴に潜りこみ、大地を包みこんで、外の世界から入りこんでくる寒さをさえぎってくれる雲のカーテンが引かれるのを待つべきなのだ。
On the other hand, there was keen intimacy between the dog and the man.	一方で、犬と男との間には厳しい関係が築かれていた。
The one was the toil-slave of the other, and the only caresses it had ever received were the caresses of the whip-lash and of harsh and menacing throat-sounds that threatened the whip-lash.	一方は一方の奴隷であり、これまで受けた愛撫は鞭による愛撫しかなく、かけられる言葉は鞭の風切音を模した脅迫的な声しかなかった。
So the dog made no effort to communicate its apprehension to the man.	だから、犬は自分が気にしていることを男に伝えるような、無駄な努力はしなかった。
It was not concerned in the welfare of the man; it was for its own sake that it yearned back toward the fire.	焚火から離れようとしなかったのは、男のためを思ってのものではなく、ただ自分自身のためだった。
But the man whistled, and spoke to it with the sound of whip-lashes, and the dog swung in at the man's heels and followed after.	だが、男が口笛を吹き、鞭の風切音を発すると、犬は男の元に急ぎ、その後に従った。
The man took a chew of tobacco and proceeded to start a new amber beard.	男は煙草を噛みだし、新しい琥珀の髭を伸ばし始めた。
Also, his moist breath quickly powdered with white his moustache, eyebrows, and lashes.	そしてまた、湿った息が顎鬚や眉や睫を白粉で飾った。
There did not seem to be so many springs on the left fork of the Henderson,	ヘンダーソンから左の道にはあまり水が湧いていなさそうだった。
and for half an hour the man saw no signs of any.	30分は、なんの表れも見られなかった。
And then it happened.	そのとき、それは起きた。
At a place where there were no signs, where the soft, unbroken snow seemed to advertise solidity beneath, the man broke through.	なんの表れもない、雪が普通に積もり、下に堅固な足場があると見えたところが、足を踏み入れたとたん割れたのだ。
It was not deep.	深くはなかった。
He wetted himself half-way to the knees before he floundered out to the firm crust.	ふくらはぎあたりまで濡らしながら、男は固い地面にあがった。
He was angry, and cursed his luck aloud.	男は腹を立て、自分の運のなさに悪態をついた。
He had hoped to get into camp with the boys at six o'clock, and this would delay him an hour,	子どもたちの待つキャンプに6時につきたいと思っていたのに、これで1時間は遅れる。
for he would have to build a fire and dry out his foot-gear.	履物を乾かすために火を起こさなければならないからだ。
This was imperative at that low temperature	これは気温の低いときは絶対不可欠なことだった
--he knew that much;	――それはいたいほど知っていた。
and he turned aside to the bank, which he climbed.	男は土手に向かい、登った。
On top, tangled in the underbrush about the trunks of several small spruce trees, was a high-water deposit of dry firewood	頂上は、トウヒの若木をとりまく藪にからめとられるように、高潮のさい、乾いた薪が寄せ集められていた
--sticks and twigs principally, but also larger portions of seasoned branches and fine, dry, last-year's grasses.	――主に小枝や木片だったが、年経て、乾いた枝もそこそこ転がっていたし、去年の草もあった。
He threw down several large pieces on top of the snow.	大きめのものを何本か雪の上に投げ出す。
This served for a foundation and prevented the young flame from drowning itself in the snow it otherwise would melt.	これを土台とし、雪溶けで起きたばかりの火が消えないようにする。
The flame he got by touching a match to a small shred of birch-bark that he took from his pocket.	ポケットからとりだした樺の樹皮にマッチで火を点ける。
This burned even more readily than paper.	これは紙よりもよく燃えるのだ。
Placing it on the foundation, he fed the young flame with wisps of dry grass and with the tiniest dry twigs.	その起こしたての火を土台に乗せ、枯草や乾いた小枝をくべていった。
He worked slowly and carefully,	ゆっくりと、慎重に作業を進める。
keenly aware of his danger.	自分の身の危険にするどく意識しながら。
Gradually, as the flame grew stronger, he increased the size of the twigs with which he fed it.	だんだんと、炎が勢いを増すにつれ、男もくべる小枝のサイズを大きくしていく。
He squatted in the snow, pulling the twigs out from their entanglement in the brush and feeding directly to the flame.	雪の中にうずくまり、藪から小枝を引き剥がしては火にくべていく。
He knew there must be no failure.	失敗は許されないのを知っていた。
When it is seventy-five below zero, a man must not fail in his first attempt to build a fire	-75度の世界では、火造りに失敗してはならないのだ
--that is, if his feet are wet.	――つまり、足を濡らしてしまっているならば。
If his feet are dry, and he fails, he can run along the trail for half a mile and restore his circulation.	足が乾いているのなら、たとえ失敗しても、道に沿って0.5マイルも走れば体も温まる。
But the circulation of wet and freezing feet cannot be restored by running when it is seventy-five below.	けれど、濡れ、凍えた足は、-75度の世界を走って回復することなどない。
No matter how fast he runs, the wet feet will freeze the harder.	いかに速く走ろうとも、濡れた足は前よりもひどく凍えるだけだ。
All this the man knew.	男はそれを知っていた。
The old-timer on Sulphur Creek had told him about it the previous fall,	以前に落ちたとき、サルファ・クリークの古参者から教わったのだ。
and now he was appreciating the advice.	そしてそのアドバイスに感謝していた。
To build the fire he had been forced to remove his mittens,	火を起こすにはミトンをはずさざるをえなかった。
and the fingers had quickly gone numb.	指はすぐに感覚を失った。
His pace of four miles an hour had kept his heart pumping blood to the surface of his body and to all the extremities.	前まで、時速4マイルで進んでいたときは、体の隅々まで血が巡っていた。
But the instant he stopped, the action of the pump eased down.	だが足を止めたとたん、心臓の働きは鈍くなった。
The cold of space smote the unprotected tip of the planet,	周囲の寒気は大地の無防備な出っ張りを襲う。
and he, being on that unprotected tip, received the full force of the blow.	男は、無防備な出っ張りとして、その力に目一杯さらされていた。
The blood of his body recoiled before it.	その力の前に血液は引き下がっていた。
The blood was alive,	血は生きていた。
like the dog,	犬のように。
and like the dog it wanted to hide away and cover itself up from the fearful cold.	そして犬のような、恐怖に満ちた寒さから身を守る毛皮を欲していた。
So long as he walked four miles an hour, he pumped that blood, willy-nilly, to the surface;	時速4マイルで歩いていたときは、否応なく、男が血液を循環せしめていた。
but now it ebbed away and sank down into the recesses of his body.	が、いまやそれは潮が引くように、体の奥の安全な場所で息を潜めていた。
The extremities were the first to feel its absence.	体の先端部こそが血液の不在を最初に感じ取った場所だった。
His wet feet froze the faster, and his exposed fingers numbed the faster, though they had not yet begun to freeze.	濡れた足はますますスピードを上げて凍えていき、素手の指先は、まだ凍えはじめてはいないけれど、ますますスピードを上げて感覚を失っていく。
Nose and cheeks were already freezing, while the skin of all his body chilled as it lost its blood.	鼻と頬はすでに凍えつつあり、全身の皮膚はといえば、血の気を失い冷え切っていた。
But he was safe.	けれども男は安全だった。
Toes and nose and cheeks would be only touched by the frost, for the fire was beginning to burn with strength.	つま先や鼻や頬に凍傷を負うだけのことなのだ、火は勢いよく燃えはじめているのだから。
He was feeding it with twigs the size of his finger.	いまはもう指ほどの太さの小枝をくべていた。
In another minute he would be able to feed it with branches the size of his wrist,	1分もすれば、手首ほどの太さの枝をくべられるようになるだろう。
and then he could remove his wet foot-gear, and, while it dried, he could keep his naked feet warm by the fire, rubbing them at first,	そうすれば、履物を脱ぎ、それが乾くまでの間、素足を焚火で暖めてやればいい。
of course, with snow.	もちろん最初に、雪でこすって。
The fire was a success.	火はうまく起こった。
He was safe.	安全だった。
He remembered the advice of the old-timer on Sulphur Creek, and smiled.	男はサルファ・クリークの古参者がくれたアドバイスを思いだし、にやりと笑った。
The old-timer had been very serious in laying down the law that no man must travel alone in the Klondike after fifty below.	とても真剣そうに、-50度以下のクロンダイクをひとりで旅してはならない、というお達しをくれたっけ。
Well, here he was;	だがどうだ、おれはここにいる、
he had had the accident;	アクシデントがあった、
he was alone;	おれはひとりだ、
and he had saved himself.	そして、おれは自分で自分を守った。
All a man had to do was to keep his head, and he was all right.	要するに頭さえ働かせておけばいいんだ、そうすれば誰だって大丈夫。
Any man who was a man could travel alone.	男ならどんなやつだって一人旅できる。
But it was surprising, the rapidity with which his cheeks and nose were freezing.	だが、頬と鼻の凍えていくスピードには驚かされた。
And he had not thought his fingers could go lifeless in so short a time.	それに、指がこれほど短時間に活力を失っていくことがあるとは思ってもみなかった。
Lifeless they were,	まさに活きる力がなかった。
for he could scarcely make them move together to grip a twig, and they seemed remote from his body and from him.	小枝1本つかもうとすることができず、まるで体から落ちてしまいそうな感じだった。
When he touched a twig, he had to look and see whether or not he had hold of it.	小枝に触れるときは、それを握っているかどうか目で確認しなければならなかった。
The wires were pretty well down between him and his finger-ends.	自分と自分の指を結ぶ神経が完全にダウンしていた。
All of which counted for little.	それもみな些細なことだ。
There was the fire,	焚火は目の前にある。
snapping and crackling and promising life with every dancing flame.	炎の舌をちらつかせるたびにパチパチと爆ぜかえっている。
He started to untie his moccasins.	男はブーツの紐をほどきはじめた。
They were coated with ice;	靴の表面は凍りついていた。
the thick German socks were like sheaths of iron half-way to the knees;	ドイツ製の厚い靴下はふくらはぎまである鉄鞘のようだった。
and the mocassin strings were like rods of steel all twisted and knotted as by some conflagration.	そして靴紐は何かの災害時によじれまがった鉄の棒のようだった。
For a moment he tugged with his numbed fingers, then, realizing the folly of it, he drew his sheath-knife.	しばらく感覚のない指で引っ張りまわしていたが、ふと、その馬鹿らしさに気づき、ナイフを鞘ごと取りだした。
But before he could cut the strings, it happened.	だが靴紐を切り払う間もなく、それは起こった。
It was his own fault or, rather, his mistake.	それは男の過ちというより、むしろ、男の見当違いだった。
He should not have built the fire under the spruce tree.	男はトウヒの下で焚火をするべきではなかった。
He should have built it in the open.	開けた場所を選ぶべきだったのだ。
But it had been easier to pull the twigs from the brush and drop them directly on the fire.	たとえ、藪から小枝を引っ張り出し、ただちに焚火にくべるには木の下のほうが便利だったとしても。
Now the tree under which he had done this carried a weight of snow on its boughs.	さて、その木は雪の重みにたわんでいた。
No wind had blown for weeks, and each bough was fully freighted.	数週間にわたって風が吹いておらず、どの枝も枝一杯に雪を積もらせていた。
Each time he had pulled a twig he had communicated a slight agitation to the tree	小枝を藪から引きぬくたびに、木を微かに揺らしていた
--an imperceptible agitation, so far as he was concerned, but an agitation sufficient to bring about the disaster.	――男の感覚からいえば感知できないほどの揺れだったが、災難をもたらすには十分な揺れだった。
High up in the tree one bough capsized its load of snow.	上のほうの枝が積もらせていた雪を落とした。
This fell on the boughs beneath, capsizing them.	それは下の枝々に落ち、そこに積もっていた雪も落ちた。
It grew like an avalanche, and it descended without warning upon the man and the fire,	こうして雪崩のように膨れ上がった雪は、前置きもなく男と焚火の上に落ちた。
and the fire was blotted out!	火はかき消えてしまった！
Where it had burned was a mantle of fresh and disordered snow.	それが燃えていたところはでたらめに積み重なった新雪に覆われてしまった。
The man was shocked.	男は呆然とした。
It was as though he had just heard his own sentence of death.	それは死の宣告を受けたにも等しかった。
For a moment he sat and stared at the spot where the fire had been.	しばらく、男は座ったまま火があったところを見つめていた。
Then he grew very calm.	徐々に冷静さがもどってきた。
Perhaps the old-timer on Sulphur Creek was right.	おそらく、サルファ・クリークの古参者は正しいんだろう。
If he had only had a trail-mate he would have been in no danger now.	もし誰かを連れて旅をしていたとしたら、こんな危険にはさらされなかったはずだ。
The trail-mate could have built the fire.	連れが火を起こしてくれたはずだから。
Well, it was up to him to build the fire over again,	とにかく、自力で火を起こすしかない。
and this second time there must be no failure.	今回もまた失敗するようなまねは許されない。
Even if he succeeded, he would most likely lose some toes.	うまくやったとしても、足の指の何本かはほぼ間違いなく壊死するだろうが。
His feet must be badly frozen by now,	足はもう恐ろしく冷え切っていた。
and there would be some time before the second fire was ready.	次の火が起きるまで、それはさらにひどくなっていくことだろう。
Such were his thoughts, but he did not sit and think them.	と、男は考えたが、座って考えていたわけではない。
He was busy all the time they were passing through his mind,	そういう考えがよぎる間ずっと忙しくしていた。
he made a new foundation for a fire,	新しい土台を組んでいた。
this time in the open;	今度は開けた場所、
where no treacherous tree could blot it out.	焚火をかき消してしまいそうな厄介な樹木が立っていないところに。
Next, he gathered dry grasses and tiny twigs from the high-water flotsam.	次に、高潮がうちよせた小枝や枯草を集める。
He could not bring his fingers together to pull them out, but he was able to gather them by the handful.	つまもうとも指を合わせることができなくなっていたが、それでも手全体を使ってかき集めることができた。
In this way he got many rotten twigs and bits of green moss that were undesirable, but it was the best he could do.	この方法では、要りもしない腐った小枝や青々とした苔も集めてしまうが、それが男にできる最善のことだった。
He worked methodically, even collecting an armful of the larger branches to be used later when the fire gathered strength.	抜かりなく、火が勢いを増したときにくべるための大枝も、腕一杯に集める。
And all the while the dog sat and watched him, a certain yearning wistfulness in its eyes,	その間犬は、ものほしそうな、恋焦がれるような目つきで男の姿を見守っていた。
for it looked upon him as the fire-provider, and the fire was slow in coming.	というのも、犬にとって今の男は火を与えてくれる人物であり、そして、問題の火はなかなか現れようとしないからだ。
When all was ready, the man reached in his pocket for a second piece of birch-bark.	準備がみな整うと、2枚めの樺の樹皮をとりだそうとポケットに手を入れた。
He knew the bark was there, and, though he could not feel it with his fingers, he could hear its crisp rustling as he fumbled for it.	そこにあるのは知っていたが、指先で感じ取ることはできず、ただそれと指とがこすれあってたてるかさかさした音が聞こえてくるばかりだった。
Try as he would, he could not clutch hold of it.	何度試してみても、つかみとることはできなかった。
And all the time, in his consciousness, was the knowledge that each instant his feet were freezing.	その間ずっと、念頭に、一瞬ごとに凍っていく足のことがあった。
This thought tended to put him in a panic, but he fought against it and kept calm.	それを思うとパニックに陥りそうだったが、必死に抗い、落ちつきを保った。
He pulled on his mittens with his teeth, and threshed his arms back and forth, beating his hands with all his might against his sides.	歯を使ってミトンをつけ、両腕を前後にうち振って、両手を脇腹に力一杯たたきつける。
He did this sitting down, and he stood up to do it;	座ったままその運動を行った男は、立ってから続けようとした。
and all the while the dog sat in the snow, its wolf-brush of a tail curled around warmly over its forefeet, its sharp wolf-ears pricked forward intently as it watched the man.	その一方で犬は雪の中にうずくまり、狼のようにふさふさした尻尾を暖かそうに前足にからませ、狼のような耳は、熱心に男を見守っていることを告げるかのように、前方に突き出されていた。
And the man as he beat and threshed with his arms and hands, felt a great surge of envy as he regarded the creature	腕と手を打ちすえながら、男はその生き物を羨ましく思った。
that was warm and secure in its natural covering.	それは生まれつき寒さから守られているのだと考えたのだ。
After a time he was aware of the first far-away signals of sensation in his beaten fingers.	しばらくすると、打たれた指先から極々微かな感覚が伝わってきた。
The faint tingling grew stronger till it evolved into a stinging ache that was excruciating,	それは次第に大きくなり、やがて刺すような、激しい痛みに高まった。
but which the man hailed with satisfaction.	が、むしろ男はそれに満足し歓迎した。
He stripped the mitten from his right hand and fetched forth the birch-bark.	右手からミトンを外し、樺の樹皮をポケットから引っぱりだす。
Next he brought out his bunch of sulphur matches.	次にマッチの束をとりだす。
But the tremendous cold had already driven the life out of his fingers.	が、途方もない寒さはもう指先から活力を追いたてていた。
In his effort to separate one match from the others, the whole bunch fell in the snow.	束から1本だけ抜こうと努めてみたものの、束ごと落として雪にめりこんでしまった。
He tried to pick it out of the snow, but failed.	それを雪の中から拾い上げようとしたが、うまくいかなかった。
The dead fingers could neither touch nor clutch.	息絶えた指では触ることもつかむこともできなかった。
He was very careful.	深く念を入れる。
He drove the thought of his freezing feet;	凍っていく足を頭の中から追い払う。
and nose, and cheeks, out of his mind, devoting his whole soul to the matches.	鼻と頬も無視し、全身全霊を1本のマッチに集中させる。
He watched, using the sense of vision in place of that of touch, and when he saw his fingers on each side the bunch, he closed them	こらした目に、触覚のかわりに視覚を用いたのだ、指がマッチの束の両側にあると見えたとき、指を閉じる
--that is, he willed to close them,	――というか、閉じようと志した。
for the wires were drawn, and the fingers did not obey.	というのは神経は働かなくなってしまっていて、指は男の意志に従わなかったからだ。
He pulled the mitten on the right hand, and beat it fiercely against his knee.	右手にミトンをつけ、膝に激しくたたきつける。
Then, with both mittened hands, he scooped the bunch of matches, along with much snow, into his lap.	それから両手で、ミトンをしたまま、マッチを大量の雪ごとすくいあげ、膝に広げた。
Yet he was no better off.	けれどもそこからはうまくいかなかった。
After some manipulation he managed to get the bunch between the heels of his mittened hands.	何度かやっているうちに、ミトンにくるまれた両手の付け根の間に、なんとかマッチの束をはさみこんだ。
In this fashion he carried it to his mouth.	そうやって口元に運んだ。
The ice crackled and snapped when by a violent effort he opened his mouth.	氷が砕ける派手な音をたてながら、強引に口をあける。
He drew the lower jaw in, curled the upper lip out of the way, and scraped the bunch with his upper teeth in order to separate a match.	顎をひき、上唇をまくりあげて、前歯でひっかけるようにしてマッチを1本だけひきぬこうとする。
He succeeded in getting one, which he dropped on his lap.	うまいこと1本だけ抜け、膝の上に落ちた。
He was no better off.	けれどもそこからはうまくいかなかった。
He could not pick it up.	それをつまみあげることはできなかったのだ。
Then he devised a way.	それから、違うやり方を思いついた。
He picked it up in his teeth and scratched it on his leg.	歯でくわえあげ、脚で擦る。
Twenty times he scratched before he succeeded in lighting it.	20回ほど擦ったところで、ようやく火がついた。
As it flamed he held it with his teeth to the birch-bark.	燃え上がるそれを歯でくわえたまま、樺の樹皮へと近づける。
But the burning brimstone went up his nostrils and into his lungs, causing him to cough spasmodically.	だが硫黄の燃える臭いが鼻腔をつき、肺に入りこみ、せきこんでしまった。
The match fell into the snow and went out.	マッチは雪に落ち、消えた。
The old-timer on Sulphur Creek was right, he thought in the moment of controlled despair that ensued:	サルファ・クリークの古参者は正しい、自制した絶望の中で男はそう思った。
after fifty below, a man should travel with a partner.	-50度以下のときはパートナーを連れて旅するべきなのだ。
He beat his hands, but failed in exciting any sensation.	男は手で体をたたいてみたが、なんの感覚も感じられなかった。
Suddenly he bared both hands, removing the mittens with his teeth.	とつぜん男は、歯を使って、両手からミトンをはぎとった。
He caught the whole bunch between the heels of his hands.	マッチを束ごと、両手首ではさむ。
His arm-muscles not being frozen enabled him to press the hand-heels tightly against the matches.	腕の筋肉はまだ凍りついていなかったから、マッチをしっかりと両手首でつかむことができた。
Then he scratched the bunch along his leg.	それから、脚で一気に擦った。
It flared into flame, seventy sulphur matches at once!	70本のマッチが一時に燃え上がる！
There was no wind to blow them out.	風は吹いておらず、吹き消される心配はなかった。
He kept his head to one side to escape the strangling fumes, and held the blazing bunch to the birch-bark.	煙たさに顔を背けながら、樺の樹皮に燃え盛るマッチの束を近づける。
As he so held it, he became aware of sensation in his hand.	そのままこらえているうちに、手に感覚があるのに気付いた。
His flesh was burning.	肉が焼けていた。
He could smell it.	その臭いがたちこめた。
Deep down below the surface he could feel it.	皮膚のずっと奥で、それを感じることができた。
The sensation developed into pain that grew acute.	その感覚は痛みとなり、その痛みはどんどん増していった。
And still he endured it, holding the flame of the matches clumsily to the bark	それでも男は、燃え盛るマッチの束を樹皮に押しつけたまま、耐えつづけた。
that would not light readily because his own burning hands were in the way, absorbing most of the flame.	男の両手が炎の大部分を遮ってしまっていたから、火はなかなか点かなかった。
At last, when he could endure no more, he jerked his hands apart.	とうとう男はこれ以上耐えられなくなり、腕を広げた。
The blazing matches fell sizzling into the snow,	燃え盛るマッチは雪に落ち、ジュッという音を立てて消えた。
but the birch-bark was alight.	が、樹皮には火が点いていた。
He began laying dry grasses and the tiniest twigs on the flame.	男はその上に枯草や小枝を乗せはじめた。
He could not pick and choose, for he had to lift the fuel between the heels of his hands.	両手首でつかむことしかできなかったから、選んで乗せることはできなかった。
Small pieces of rotten wood and green moss clung to the twigs, and he bit them off as well as he could with his teeth.	小枝にこびりついていた腐った木片や青々とした苔は、歯で削るのはもちろん、ときには噛みとったりもした。
He cherished the flame carefully and awkwardly.	男はその炎を、慎重に、ぎこちなく慈しんだ。
It meant life, and it must not perish.	それは生命を意味するのだ、絶やしてはならない。
The withdrawal of blood from the surface of his body now made him begin to shiver,	体表にはますます血がめぐらなくなり、震えが襲ってきた。
and he grew more awkward.	それでますます動きがぎこちなくなった。
A large piece of green moss fell squarely on the little fire.	青い苔の塊がその小さな火の上にまともに落ちた。
He tried to poke it out with his fingers, but his shivering frame made him poke too far, and he disrupted the nucleus of the little fire,	指でそれを突き払おうとしたが、震えのせいで的外れな場所を突いてしまい、小さな火の中心を崩してしまった。
the burning grasses and tiny twigs separating and scattering.	火が点いていた枯草や小枝がばらばらに散らばる。
He tried to poke them together again, but in spite of the tenseness of the effort, his shivering got away with him, and the twigs were hopelessly scattered.	今度は散らばったものを突き寄せようとしたが、気を張り詰めて試みたのに、震えのせいでまったくうまくいかず、火種はあえなく散らばっていった。
Each twig gushed a puff of smoke and went out.	それぞれがすうっと煙を上げ、消えた。
The fire-provider had failed.	火造りは失敗した。
As he looked apathetically about him, his eyes chanced on the dog,	無表情に周囲を見渡し、ふと犬に目を留める。
sitting across the ruins of the fire from him, in the snow,	犬は焚火の残骸の向こうに、雪の中、そわそわして座っていた。
making restless, hunching movements, slightly lifting one forefoot and then the other, shifting its weight back and forth on them with wistful eagerness.	前足を前後にせわしなく動かすその様子は、熱心に何かを求めるときのものだった。
The sight of the dog put a wild idea into his head.	犬を見たとたん、乱暴なアイデアが頭に浮かんだ。
He remembered the tale of the man, caught in a blizzard, who killed a steer and crawled inside the carcass, and so was saved.	暴風雪に襲われたとき、難を逃れようとして連れていた牛を殺し、その死体を盾にして実際難を逃れた男の話を思い出したのだ。
He would kill the dog and bury his hands in the warm body until the numbness went out of them.	犬を殺し、両手をまだ暖かい体に突っこんで感覚をとりもどす。
Then he could build another fire.	それからもう一度火を起こしなおせばよい。
He spoke to the dog, calling it to him;	男は犬に話しかけ、呼び寄せようとした。
but in his voice was a strange note of fear that frightened the animal,	けれども、その声には滅多にない怖れの色が表われていたため、その動物は怯えた。
who had never known the man to speak in such way before.	男からそのような口の聞き方をされるのは始めてだったのだ。
Something was the matter, and its suspicious nature sensed danger,	何かがある、そしてそれを動物の疑り深い天性から危険ととらえた
--it knew not what danger but somewhere, somehow, in its brain arose an apprehension of the man.	――どんな危険だかは知らないが、脳の片隅に、どういうわけか、男に対する不信が湧き上がってきたのだ。
It flattened its ears down at the sound of the man's voice,	男の声の響きに、犬はぺたんと耳を閉じた。
and its restless, hunching movements and the liftings and shiftings of its forefeet became more pronounced but it would not come to the man.	まえよりも激しくそわそわし、前足を前後に動かしはじめたが、どうしても男のそばにはやってこようとしなかった。
He got on his hands and knees and crawled toward the dog.	男は四つん這いになって犬のほうに向かってきた。
This unusual posture again excited suspicion, and the animal sidled mincingly away.	この常ならぬ姿勢はふたたび疑惑を湧き起こさせ、動物はつんとして男を遠ざけた。
The man sat up in the snow for a moment and struggled for calmness.	男はなんとか落ちつこうとしながら雪の上に立ちあがった。
Then he pulled on his mittens, by means of his teeth, and got upon his feet.	それからミトンを、歯ではぎとり、足につけた。
He glanced down at first in order to assure himself that he was really standing up,	一瞬目を下にやり、自分が本当に立っているかどうかを確かめた。
for the absence of sensation in his feet left him unrelated to the earth.	感覚のない足では地面とのつながりが分からなくなっていのだ。
His erect position in itself started to drive the webs of suspicion from the dog's mind;	立ちあがった男の姿勢それ自体が、犬の頭に疑惑の網をはりはじめた。
and when he spoke peremptorily, with the sound of whip-lashes in his voice, the dog rendered its customary allegiance and came to him.	断固とした、鞭の風切音の口真似を交えた口調で話しかけると、犬は習慣づけられた忠誠心を発揮して男の元にやってきた。
As it came within reaching distance, the man lost his control.	手の届く範囲にまでやってきたときにはもう、自制できなかった。
His arms flashed out to the dog,	腕をさっと伸ばす。
and he experienced genuine surprise when he discovered that his hands could not clutch, that there was neither bend nor feeling in the lingers.	が、自分の手にはつかむことができず、曲げることすらできなくなっているのを知り、また感覚が微塵もなくなっているのを知って、正真正銘の驚きを体験した。
He had forgotten for the moment that they were frozen and that they were freezing more and more.	両手が凍えてしまっており、なお凍えていきつつあるのを忘れていたのだ。
All this happened quickly,	ここまで、あっという間だった。
and before the animal could get away, he encircled its body with his arms.	犬は、逃げきる前に、男の腕にからめとられていた。
He sat down in the snow,	男はそのまま雪の上に座った。
while it snarled and whined and struggled.	犬は唸り、鼻を鳴らし、もがいた。
But it was all he could do,	けれども男にできたのはそこまでだった。
hold its body encircled in his arms and sit there.	犬をかき抱いたままそこに座る。
He realized that he could not kill the dog.	殺せない、と悟った。
There was no way to do it.	やりようがない。
With his helpless hands he could neither draw nor hold his sheath-knife nor throttle the animal.	この役に立たなくなった手ではナイフを握ることも、その鞘を払うことも、犬を屠ることもできない。
He released it, and it plunged wildly away, with tail between its legs, and still snarling.	放してやると、犬はまだ唸りながら、尾を足の間にいれて猛烈な勢いで男のそばを離れた。
It halted forty feet away and surveyed him curiously,	十数メートルほど離れたところから男を不思議そうにながめる。
with ears sharply pricked forward.	両耳をぴんと立てて。
The man looked down at his hands in order to locate them,	男は、見下ろして、自分の両手の位置を確かめた。
and found them hanging on the ends of his arms.	腕の先にぶらさがっている。
It struck him as curious	ふと、可笑しくなった。
that one should have to use his eyes in order to find out where his hands were.	自分の手がどこにあるのか、目で見ないと分からない、なんてことがあるとはね。
He began threshing his arms back and forth, beating the mittened hands against his sides.	男は手を大きく前後に振って、ミトンをした手を脇腹に打ち付けはじめた。
He did this for five minutes, violently, and his heart pumped enough blood up to the surface to put a stop to his shivering.	ひたむきに5分間やりつづけると、心臓がばくばくと脈打って体表を温め、震えはおさまった。
But no sensation was aroused in the hands.	だが、手には何の感覚もなかった。
He had an impression that they hung like weights on the ends of his arms,	手はまるで両腕の先端にぶらさがる重りみたいな感じだった。
but when he tried to run the impression down, he could not find it.	けれどもその感覚を追求しようとすると、それは消え去ってしまう。
A certain fear of death, dull and oppressive, came to him.	死の恐怖が男の頭の中にどんよりとたちこめた。
This fear quickly became poignant	この恐怖はすぐに強烈なものになり、男を刺激した。
as he realized that it was no longer a mere matter of freezing his fingers and toes, or of losing his hands and feet, but that it was a matter of life and death with the chances against him.	もはや手や足の指を、あるいは手足もろともを壊死させずにすむかどうかという問題ではなく、生きるか死ぬかの問題が男につきつけられていた。
This threw him into a panic, and he turned and ran up the creek-bed along the old, dim trail.	それに気付いた男はパニックに陥り、河川敷の消えかかっている道を走り出した。
The dog joined in behind and kept up with him.	犬がその後を追う。
He ran blindly, without intention, in fear such as he had never known in his life.	これまで生きてきた中で一度も経験したことないほどの恐怖に、男は無我夢中で走りつづけた。
Slowly, as he ploughed and floundered through the snow, he began to see things again	ざくざくと雪を蹴立てているうちに、ゆっくりと、現実が見えるようになってきた
--the banks of the creek, the old timber-jams, the leafless aspens, and the sky.	――クリークの土手、古い潅木、葉を落とした木々、大空が。
The running made him feel better.	走ったおかげで体の調子はよくなっていた。
He did not shiver.	震えはおさまっている。
Maybe, if he ran on, his feet would thaw out;	あるいは、さらに走りつづければ足も温まるかもしれない。
and, anyway, if he ran far enough, he would reach camp and the boys.	そして、さらにさらに走りつづければ子どもたちのいるキャンプに着けるかもしれない。
Without doubt he would lose some fingers and toes and some of his face;	どう考えても手や足の指を何本か失い、顔も一部損なわれているだろう。
but the boys would take care of him,	けれどもキャンプにつきさえすれば、子どもたちが手当てをしてくれる。
and save the rest of him when he got there.	それで無事だった部分は救われるはずだ。
And at the same time there was another thought in his mind	同時に、違う考えが頭をよぎった。
that said	それは言う。
he would never get to the camp and the boys;	おまえは絶対にキャンプにたどりつくことなどないのだ。
that it was too many miles away, that the freezing had too great a start on him,	あまりに遠いし、寒さも苛烈。
and that he would soon be stiff and dead.	おまえはもうすぐ凍え死んでしまうのだよ。
This thought he kept in the background and refused to consider.	男はその考えを払いのけ、深く考えないようにした。
Sometimes it pushed itself forward and demanded to be heard, but he thrust it back and strove to think of other things.	ときどきしゃしゃり出ては耳を貸せと強いてきたが、男はそれを頭の奥に押しこみ、他のことを考えようとした。
It struck him as curious	おもしろいな、と男は思った。
that he could run at all on feet so frozen that he could not feel them when they struck the earth and took the weight of his body.	足は凍えてしまって地面を蹴る衝撃も自分の体重も感じられないというのに、それでも走れるだなんて。
He seemed to himself to skim along above the surface and to have no connection with the earth.	まるで宙に浮いたまま、すべるように飛んでいるみたいだ。
Somewhere he had once seen a winged Mercury, and he wondered if Mercury felt as he felt when skimming over the earth.	いつかどこかで翼を広げたマーキュリーを見たことがあったけれど、マーキュリーもまた空を飛ぶときはこのように感じるものなのだろうか。
His theory of running until he reached camp and the boys had one flaw in it:	男の疾走論は、キャンプにいる子どもたちのもとにたどりつく前にある欠点が見出された。
he lacked the endurance.	持久力不足。
Several times he stumbled, and finally he tottered, crumpled up, and fell.	何度もつまづき、やがてよろよろと歩くのが精一杯になり、ついには倒れてしまった。
When he tried to rise, he failed.	立ちあがろうとしたが、うまくいかなかった。
He must sit and rest,	座って休まねばならない。
he decided,	そう決めた。
and next time he would merely walk and keep on going.	次はただ歩くだけにしてとにかく前に進みつづけよう。
As he sat and regained his breath, he noted that he was feeling quite warm and comfortable.	座って息を整えると、ふと体が心地よく暖まっていることに気付いた。
He was not shivering, and it even seemed that a warm glow had come to his chest and trunk.	震えはおさまり、胸から腹にかけて火照っているように思えた。
And yet, when he touched his nose or cheeks, there was no sensation.	ただ、鼻と頬に触ってみたところ、やはり感覚はなかった。
Running would not thaw them out.	頬や鼻は走って温めることはできない。
Nor would it thaw out his hands and feet.	同じく、手足も。
Then the thought came to him that the frozen portions of his body must be extending.	考えてみると、間違いなく凍ってしまった部分は広がりつづけている。
He tried to keep this thought down, to forget it, to think of something else;	男はそのことを深く考えず忘れようとし、何か他のことを考えてみた。
he was aware of the panicky feeling that it caused,	深く考えるとパニックに陥りそうな気がしていた。
and he was afraid of the panic.	パニックに陥るのは嫌だった。
But the thought asserted itself, and persisted, until it produced a vision of his body totally frozen.	けれどもどうしても他のことを考えることができず、ついに自分の全身が氷づけになったところを想像してしまった。
This was too much, and he made another wild run along the trail.	もうたくさんだ、男はふたたび道に沿って狂ったように走り出した。
Once he slowed down to a walk, but the thought of the freezing extending itself made him run again.	一度は失速して歩きはじめたが、体がますます凍えていくのを思い、ふたたび走り出した。
And all the time the dog ran with him, at his heels.	犬はずっと男にしたがって走りつづけていた。
When he fell down a second time, it curled its tail over its forefeet and sat in front of him facing him curiously eager and intent.	ふたたび男が倒れると、犬も座りこんで尻尾を前足にからませ、期待に胸をふくらませて男と向かい合った。
The warmth and security of the animal angered him, and he cursed it	その元気な姿が男を苛立たせ、悪しざまに罵った。
till it flattened down its ears appeasingly.	犬はなだめるように耳をぺたんと閉じた。
This time the shivering came more quickly upon the man.	今回は、前よりも早く震えが襲ってきた。
He was losing in his battle with the frost.	男は寒さの前に屈しようとしていた。
It was creeping into his body from all sides.	それはあらゆる方向から男の体の中へと忍びこんでくる。
The thought of it drove him on, but he ran no more than a hundred feet, when he staggered and pitched headlong.	そう思うと男はいてもたってもいられなくなり立ちあがったが、わずか30メートル走ったところでふらつき、どうと倒れた。
It was his last panic.	それが最後のパニックだった。
When he had recovered his breath and control, he sat up and entertained in his mind the conception of meeting death with dignity.	息を整え自制心を取りもどすと、座りなおし、心楽しませることで尊厳ある死を構想しようとした。
However, the conception did not come to him in such terms.	といっても、自分の死が尊厳あるものとは思えなかった。
His idea of it was that he had been making a fool of himself,	自分の行動を省みると、自分がまるで道化師のように思えた。
running around like a chicken with its head cut off	首を切られたまま走りまわる鶏
--such was the simile that occurred to him.	――そういうたとえが頭に浮かぶ。
Well, he was bound to freeze anyway,	さあ、とにかくおれは凍死するときまった。
and he might as well take it decently.	だったらそれを素直に受けいれたほうがいい。
With this new-found peace of mind came the first glimmerings of drowsiness.	この新たな安らぎを見出すとともに眠気が襲ってきた。
A good idea, he thought,	グッドアイデアだ、と思った。
to sleep off to death.	眠りながら死ぬのは。
It was like taking an anaesthetic.	麻酔をかけられたようだった。
Freezing was not so bad as people thought.	凍死は人が思っているほど悪くない。
There were lots worse ways to die.	もっとひどい死に方は山ほどある。
He pictured the boys finding his body next day.	明日になって子どもたちが自分を発見する場面が浮かびあがった。
Suddenly he found himself with them,	ふと気がつくと、そばには子どもたちがいた。
coming along the trail and looking for himself.	子どもたちは男を捜しに道をたどってきたのだ。
And, still with them, he came around a turn in the trail and found himself lying in the snow.	それから、やはり子どもたちと一緒に、意識をもうろうとさせたまま、雪に埋もれている自分を見出すところが。
He did not belong with himself any more, for even then he was out of himself, standing with the boys and looking at himself in the snow.	男の体はもはや男のものではなく、体の外から、子どもたちと並んで雪に埋もれた自分を見下ろしていた。
It certainly was cold, was his thought.	本当に寒い、と思った。
When he got back to the States he could tell the folks what real cold was.	アメリカにもどったら、本当の寒さとはどんなものか教えてやれるな。
He drifted on from this to a vision of the old-timer on Sulphur Creek.	そしてサルファ・クリークの古参者が現れた。
He could see him quite clearly,	その姿ははっきりと見えた。
warm and comfortable, and smoking a pipe.	暖かそうに、快適そうに、パイプをふかしている。
"You were right, old hoss;	「あんた正しかったよ、親父。
you were right,"	あんたが正しかった」
the man mumbled to the old-timer of Sulphur Creek.	と、男はサルファ・クリークの古参者に向かってつぶやいた。
Then the man drowsed off	そして男はゆっくりと眠りに落ちていった。
into what seemed to him the most comfortable and satisfying sleep he had ever known.	それは男にとって、これまでなかったほど快適で満ち足りたもののように思えた。
The dog sat facing him and waiting.	犬は男に面と向かって座り、待った。
The brief day drew to a close in a long, slow twilight.	早くも日が暮れ、長い長い夕闇が近づいてきた。
There were no signs of a fire to be made,	火が起こされる気配はない。
and, besides, never in the dog's experience had it known a man to sit like that in the snow and make no fire.	人間が雪の中に座り火を起こさないとは、前代未聞のことだった。
As the twilight drew on, its eager yearning for the fire mastered it, and with a great lifting and shifting of forefeet, it whined softly, then flattened its ears down in anticipation of being chidden by the man.	夕闇があたりをつつむころになると、火への渇望は圧倒的になり、前足をひっきりなしに動かしながら甘えるように鼻を鳴らし、ふてくされたように耳をぺたんと閉じた。
But the man remained silent.	けれども男はなんの反応も示さなかった。
Later, the dog whined loudly.	少し経って、今度は大きく鼻を鳴らした。
And still later it crept close to the man and caught the scent of death.	さらに少し経って男のそばにちかよってみると、死臭がかぎとられた。
This made the animal bristle and back away.	それをかぎとると動物は毛を逆立たせて後ずさりした。
A little longer it delayed, howling under the stars that leaped and danced and shone brightly in the cold sky.	程なく、寒空にきらきらと舞う星々に向かって遠吠えを響かせる。
Then it turned and trotted up the trail in the direction of the camp it knew,	それから男に背を向けると、自分が知っているキャンプに向かって駆け出していった。
where were the other food-providers and fire-providers.	そこではまた別の人間が食料と火を与えてくれるのだ。
